fact,label,taxonomy_key,member_axis,calc
revenue,Revenue ,us-gaap:RevenueFromContractWithCustomerExcludingAssessedTax,,
revenue_products,Product Revenue (millions),,,
revenue_services,Services Revenue (millions),,,
revenue_subscriptions,Subscription Revenue ,us-gaap:RevenueFromContractWithCustomerExcludingAssessedTax,wday:SubscriptionServicesMember,
revenue_professional_services,Professional Services Revenue,us-gaap:RevenueFromContractWithCustomerExcludingAssessedTax,wday:ProfessionalServicesMember,
cogs_products,Product ,,,
cogs_services,Services,,,
costs_subscriptions,Costs of Subscription Services ,us-gaap:CostOfGoodsAndServicesSold,wday:SubscriptionServicesMember,
costs_professional_services,Costs of Professional Services,us-gaap:CostOfGoodsAndServicesSold,wday:ProfessionalServicesMember,
cogs,COGS,,,costs_subscriptions+cogs_services
gross_profit,Gross Profit (millions),,,revenue-cogs
rnd_expense,R&D Expense ,us-gaap:ResearchAndDevelopmentExpense,,
sales_marketing_expense,Sales and Marketing Expense,us-gaap:SellingAndMarketingExpense,,
gna_expense,G&A Expense,us-gaap:GeneralAndAdministrativeExpense,,
sga_expense,SG&A Expense,,,sales_marketing_expense+gna_expense
operating_expense,Operating Expense,us-gaap:OperatingExpenses,,
operating_income,Operating Income,us-gaap:OperatingIncomeLoss,,
net_income,Net Income,us-gaap:NetIncomeLoss,,
interest_expense,Interest Expense,us-gaap:InterestExpenseDebt,,
interest_income,Interest Income,us-gaap:InvestmentIncomeInterest,,
net_interest_expense,Net Interest Expense,,,interest_expense-interest_income
tax_expense,Tax Expense,us-gaap:IncomeTaxExpenseBenefit,,
,,,,
,,,,
depreciation_amortization_expense,Depreciation & Amortization Expense,us-gaap:OtherDepreciationAndAmortization,,
ebitda,EBITDA,,,net_income+net_interest_expense+tax_expense+depreciation_amortization_expense
ebitda_margin,EBITDA Margin,,,ebitda/revenue
adjusted_ebitda,Adjusted EBITDA reported by the company,,,
adjusted_ebitda_margin,Adjusted EBITDA margin,,,
,,,,
eps_basic,"Earnings Per Share, Basic",us-gaap:EarningsPerShareBasic,,
eps_diluted,"Earnings Per Share, Diluted",us-gaap:EarningsPerShareDiluted,,
,,,,
net_cash_flow_from_operating_activities,Net Cash Flow from Operating Activities,us-gaap:NetCashProvidedByUsedInOperatingActivities,,
capex_tangible_assets,Capital Expenditure On Tangible Assets,us-gaap:PaymentsToAcquireOtherProductiveAssets,,
refunds_capex,Refunds on Capital Expenditure On Tangible Assets,,,
capex_intangible_assets,CapEx On Intangible Assets,us-gaap:PaymentsToAcquireIntangibleAssets,,
capex_acquisitions_netofcash,CapEx On Acquisitions Net Of Cash,us-gaap:PaymentsToAcquireBusinessesNetOfCashAcquired,,
cash_flow_capex,Cash Flow from Capital Expenditures,,,capex_tangible_assets+capex_intangible_assets+capex_acquisitions_netofcash
free_cash_flow,Free Cash Flow,,,net_cash_flow_from_operating_activities-cash_flow_capex
adjusted_free_cash_flow,Adjusted Free Cash Flow reported by the company (millions),,,
,,,,
,,,,
debt_long_term,Long-term (net of current portion),us-gaap:LongTermDebtNoncurrent,,
debt_long_term_current_portion,Current Portion of long-term,,,
debt_long_term_current_portion_third_party,Current Portion of long-term (3rd party),,,
,,,,
debt_long_term_current_portion_affiliates,Current Portion of long-term (Affiliates),,,
,,,,
debt_commercial_paper,Commercial Paper,,,
debt_current,Current portion (Maturing within one year),,,debt_long_term_current_portion+debt_commercial_paper
debt,Debt,,,debt_long_term+debt_current
